{"cameraMode":{"drawMode":0,"name":"Shaded","section":"Shading Mode"},"sceneLighting":true,"audioPlay":false,"sceneViewState":{"showFog":true,"showMaterialUpdate":false,"showSkybox":true,"showFlares":true,"showImageEffects":true,"showParticleSystems":true},"in2DMode":false,"pivot":{"x":357.5,"y":362.5,"z":-0.0000045299530029296879},"rotation":{"x":0.20052839815616609,"y":0.0014695236459374428,"z":-0.0003007952182088047,"w":0.9796867370605469},"size":268.60052490234377,"orthographic":false}